<?xml version="1.0" encoding="UTF-8"?>
<project-private xmlns="http://www.netbeans.org/ns/project-private/1">
    <editor-bookmarks xmlns="http://www.netbeans.org/ns/editor-bookmarks/2" lastBookmarkId="0"/>
    <open-files xmlns="http://www.netbeans.org/ns/projectui-open-files/2">
        <group>
            <file>file:/C:/Users/Administrator/Documents/NetBeansProjects/Hw_7_Brian_Durbin/src/hw_8_brian_durbin/Hw_7_Brian_Durbin.java</file>
            <file>file:/C:/Users/Administrator/Documents/NetBeansProjects/Hw_7_Brian_Durbin/src/hw_8_brian_durbin/BTNode.java</file>
            <file>file:/C:/Users/Administrator/Documents/NetBeansProjects/Hw_7_Brian_Durbin/src/hw_8_brian_durbin/BST.java</file>
        </group>
    </open-files>
</project-private>
